{"stats":{"minecraft:mined":{"minecraft:short_grass":4,"minecraft:grass_block":4},"minecraft:custom":{"minecraft:jump":57,"minecraft:time_since_rest":2176,"minecraft:crouch_one_cm":375,"minecraft:sprint_one_cm":2739,"minecraft:leave_game":1,"minecraft:play_time":2176,"minecraft:time_since_death":2176,"minecraft:walk_one_cm":2863,"minecraft:sneak_time":65,"minecraft:total_world_time":2176,"minecraft:fall_one_cm":894,"minecraft:fly_one_cm":8066},"minecraft:picked_up":{"minecraft:wheat_seeds":1,"minecraft:dirt":4},"minecraft:used":{"minecraft:dirt":1}},"DataVersion":3953}