{"stats":{"minecraft:mined":{"minecraft:pink_petals":1,"minecraft:seagrass":1,"minecraft:short_grass":18,"minecraft:grass_block":7,"minecraft:oak_log":5,"minecraft:tall_grass":8},"minecraft:custom":{"minecraft:open_chest":1,"minecraft:time_since_rest":14176,"minecraft:crouch_one_cm":1532,"minecraft:play_time":14176,"minecraft:sprint_one_cm":47824,"minecraft:damage_taken":210,"minecraft:walk_one_cm":24665,"minecraft:sneak_time":315,"minecraft:walk_under_water_one_cm":2459,"minecraft:jump":679,"minecraft:leave_game":1,"minecraft:time_since_death":14176,"minecraft:walk_on_water_one_cm":3013,"minecraft:total_world_time":14176,"minecraft:swim_one_cm":21845,"minecraft:fall_one_cm":23024,"minecraft:fly_one_cm":152864},"minecraft:picked_up":{"minecraft:pink_petals":2,"minecraft:cooked_porkchop":4,"minecraft:wheat_seeds":4,"minecraft:oak_log":5,"minecraft:dirt":7},"minecraft:used":{"minecraft:pink_petals":2,"minecraft:dirt":7,"minecraft:cooked_porkchop":3,"minecraft:golden_helmet":1}},"DataVersion":3953}