{"stats":{"minecraft:mined":{"minecraft:oak_log":2,"minecraft:grass":4,"immersive_weathering:ivy":1,"minecraft:grass_block":6,"minecraft:oak_leaves":4},"minecraft:picked_up":{"minecraft:oak_log":2,"minecraft:rotten_flesh":1,"minecraft:dirt":6},"minecraft:crafted":{"minecraft:oak_planks":4},"minecraft:custom":{"minecraft:jump":99,"minecraft:time_since_rest":7243,"minecraft:leave_game":5,"minecraft:crouch_one_cm":308,"minecraft:play_time":7243,"minecraft:sprint_one_cm":5645,"minecraft:damage_taken":65,"minecraft:time_since_death":7243,"minecraft:walk_one_cm":7893,"minecraft:climb_one_cm":397,"minecraft:sneak_time":110,"minecraft:total_world_time":7243,"minecraft:fall_one_cm":2988,"minecraft:fly_one_cm":12187}},"DataVersion":3465}