{"stats":{"minecraft:used":{"minecraft:oak_log":24,"minecraft:apple":1,"minecraft:stone_pickaxe":43,"minecraft:wooden_pickaxe":18,"minecraft:cooked_chicken":2,"minecraft:stone_axe":115,"minecraft:dirt":1,"minecraft:crafting_table":5,"minecraft:furnace":1},"minecraft:mined":{"minecraft:crafting_table":2,"minecraft:grass":4,"minecraft:grass_block":8,"minecraft:oak_log":121,"immersive_weathering:ivy":3,"minecraft:stone":60,"minecraft:oak_leaves":2,"immersive_weathering:oak_leaf_pile":1},"minecraft:picked_up":{"minecraft:crafting_table":2,"minecraft:feather":4,"minecraft:chicken":2,"naturalist:venison":3,"minecraft:oak_log":121,"minecraft:string":2,"minecraft:spider_eye":1,"minecraft:dirt":8,"minecraft:rotten_flesh":2,"minecraft:bone":2,"naturalist:antler":2,"minecraft:apple":1,"minecraft:wheat_seeds":1,"minecraft:mutton":3,"minecraft:white_wool":2,"minecraft:cobblestone":60},"minecraft:killed_by":{"minecraft:skeleton":1,"minecraft:spider":1},"minecraft:crafted":{"minecraft:oak_planks":132,"minecraft:crafting_table":4,"minecraft:stick":24,"minecraft:wooden_pickaxe":3,"minecraft:cooked_chicken":2,"minecraft:stone_pickaxe":3,"minecraft:furnace":1,"minecraft:stone_axe":3,"minecraft:air":0},"minecraft:killed":{"minecraft:sheep":2,"minecraft:skeleton":1,"naturalist:deer":2,"minecraft:zombie":1,"minecraft:chicken":2,"minecraft:spider":1,"naturalist:giraffe":1},"minecraft:custom":{"minecraft:time_since_rest":4312,"minecraft:interact_with_furnace":5,"minecraft:sprint_one_cm":77333,"minecraft:damage_taken":580,"minecraft:walk_one_cm":87379,"minecraft:mob_kills":10,"minecraft:damage_dealt":1172,"minecraft:swim_one_cm":6645,"minecraft:interact_with_crafting_table":10,"minecraft:fly_one_cm":36226,"minecraft:crouch_one_cm":13,"minecraft:sneak_time":18,"minecraft:play_time":23450,"minecraft:deaths":2,"minecraft:walk_under_water_one_cm":3974,"minecraft:jump":470,"minecraft:leave_game":2,"minecraft:time_since_death":4179,"minecraft:walk_on_water_one_cm":1734,"minecraft:climb_one_cm":140,"minecraft:total_world_time":23450,"minecraft:fall_one_cm":9268}},"DataVersion":3465}